Workbook

Sheet Raw_Data
A1: Date | B1: Order_ID | C1: Region | D1: Category | E1: Sub-Category | F1: Product_Name | G1: Sales_Amount | H1: Purchase_Amount | I1: Profit | J1: Quantity | K1: Profit_Margin
A2: 45292 | B2: ORD001 | C2: North | D2: Electronics | E2: Mobile | F2: Samsung A14 | G2: 18000 | H2: 15000 | I2: 3000 | J2: 2 | K2: =I2/G2 -> 0.16666667
A3: 45292 | B3: ORD002 | C3: South | D3: Furniture | E3: Chair | F3: Office Chair | G3: 12000 | H3: 9000 | I3: 3000 | J3: 3 | K3: =I3/G3 -> 0.25
A4: 45293 | B4: ORD003 | C4: East | D4: Electronics | E4: Laptop | F4: Dell Inspiron | G4: 55000 | H4: 48000 | I4: 7000 | J4: 1 | K4: =I4/G4 -> 0.12727273
A5: 45293 | B5: ORD004 | C5: West | D5: Office Supplies | E5: Pen | F5: Ball Pen | G5: 2000 | H5: 1200 | I5: 800 | J5: 20 | K5: =I5/G5 -> 0.4
A6: 45294 | B6: ORD005 | C6: North | D6: Furniture | E6: Table | F6: Dining Table | G6: 40000 | H6: 35000 | I6: 5000 | J6: 1 | K6: =I6/G6 -> 0.125
A7: 45294 | B7: ORD006 | C7: South | D7: Electronics | E7: Mobile | F7: Redmi Note 12 | G7: 15000 | H7: 13000 | I7: 2000 | J7: 2 | K7: =I7/G7 -> 0.13333333
A8: 45295 | B8: ORD007 | C8: East | D8: Office Supplies | E8: Notebook | F8: Classmate | G8: 6000 | H8: 3500 | I8: 2500 | J8: 10 | K8: =I8/G8 -> 0.41666667
A9: 45295 | B9: ORD008 | C9: West | D9: Furniture | E9: Sofa | F9: Leather Sofa | G9: 65000 | H9: 58000 | I9: 7000 | J9: 1 | K9: =I9/G9 -> 0.10769231
A10: 45296 | B10: ORD009 | C10: North | D10: Electronics | E10: Headphones | F10: Boat Rockerz | G10: 8000 | H10: 5000 | I10: 3000 | J10: 4 | K10: =I10/G10 -> 0.375
A11: 45296 | B11: ORD010 | C11: South | D11: Office Supplies | E11: Pen | F11: Gel Pen | G11: 3000 | H11: 2000 | I11: 1000 | J11: 15 | K11: =I11/G11 -> 0.33333333
A12: 45297 | B12: ORD011 | C12: East | D12: Electronics | E12: Laptop | F12: HP Pavilion | G12: 62000 | H12: 56000 | I12: 6000 | J12: 1 | K12: =I12/G12 -> 0.096774194
A13: 45297 | B13: ORD012 | C13: West | D13: Furniture | E13: Chair | F13: Plastic Chair | G13: 9000 | H13: 7500 | I13: 1500 | J13: 5 | K13: =I13/G13 -> 0.16666667
... A21: 45301 | B21: ORD020 | C21: West | D21: Electronics | E21: Mobile | F21: OnePlus Nord | G21: 32000 | H21: 29000 | I21: 3000 | J21: 1 | K21: =I21/G21 -> 0.09375
G22: =SUM(G2:G21) -> 546000 | I22: =AVERAGE(I2:I21) -> 3465 | K22: =AVERAGE(K2:K21) -> 0.20709676
I23: =SUM(I2:I21) -> 69300

Sheet DashBoard
B2: KPI | C2: Values
B3: Total Sales | C3: ='KPI Summary'!B2 -> 546000
B4: Total Profit | C4: ='KPI Summary'!B3 -> 69300
B5: Avg Profit | C5: ='KPI Summary'!B4 -> 3465
B6: Avg Profit Margin | C6: ='KPI Summary'!B5 -> 0.20709676

Sheet KPI Summary
A1: KPI | B1: Value
A2: Total Sales | B2: =SUM(Raw_Data!G2:G21) -> 546000
A3: Total Profit | B3: =SUM(Raw_Data!I2:I21) -> 69300
A4: Avg Profit | B4: =AVERAGE(Raw_Data!I2:I21) -> 3465
A5: Avg Profit Margin | B5: =AVERAGE(Raw_Data!K2:K21) -> 0.20709676

Sheet Profit By Sub-Category

Sheet Sales Trend Over Time

Sheet Top Selling

Sheet Profit By Product Category

Sheet Sales By Region
